<?xml version="1.0" encoding="UTF-8"?>
<Patch>
	<Operation Class="PatchOperationFindMod">
		<mods>
			<li>[Ry]Rimcraft Factions</li>
		</mods>
		<match Class="PatchOperationSequence">
			<success>Always</success>
			<operations>
			   <!-- ============================ Weapon Tag injection ========================== -->
				<!-- ============================ Horde ========================== -->
				
				<!-- ===== BloodElf Tag injection ===== -->
				<li Class="PatchOperationAdd">
					<xpath>/Defs/PawnKindDef[@Name="WoW_BloodElf_Civ_PawnkindBase"]/weaponTags</xpath>
					<value>							
					   <li>WoW_Ranged_BloodElfT1</li>
					   <li>WoW_Melee_BloodElfT1</li>
					</value>
				</li>
				
				<li Class="PatchOperationAdd">
					<xpath>/Defs/PawnKindDef[defName = "WoW_BloodElf_Guardian"]/weaponTags</xpath>
					<value>
							<li>WoW_Ranged_BloodElfT1</li>
							<li>WoW_Melee_BloodElfT1</li>
					</value>
				</li>
				<li Class="PatchOperationAdd">
					<xpath>/Defs/PawnKindDef[defName = "WoW_BloodElf_Farstrider"]/weaponTags</xpath>
					<value>
							<li>WoW_Ranged_BloodElfT1</li>
					</value>
				</li>
				<li Class="PatchOperationAdd">
					<xpath>/Defs/PawnKindDef[defName = "WoW_BloodElf_BloodKnight"]/weaponTags</xpath>
					<value>
							<li>WoW_Melee_BloodElfT2</li>
					</value>
				</li>
				<li Class="PatchOperationAdd">
					<xpath>/Defs/PawnKindDef[defName = "WoW_BloodElf_SpellBreaker"]/weaponTags</xpath>
					<value>
							<li>WoW_Melee_BloodElfT2Spellbreaker</li>
					</value>
				</li>
				<li Class="PatchOperationAdd">
					<xpath>/Defs/PawnKindDef[defName = "WoW_BloodElf_KnightLord"]/weaponTags</xpath>
					<value>
							<li>WoW_Melee_BloodElfT3</li>
							<li>WoW_Ranged_BloodElfT2</li>
					</value>
				</li>
				<!-- ===== BloodElf Tag injection ===== -->
				
				<!-- ===== Forsaken Tag injection ===== -->
				<li Class="PatchOperationAdd">
					<xpath>/Defs/PawnKindDef[@Name="WoW_Forsaken_Civ_PawnkindBase"]/weaponTags</xpath>
					<value>
							<li>WoW_Melee_ForsakenT1</li>
					</value>
				</li>
				
				<li Class="PatchOperationAdd">
					<xpath>/Defs/PawnKindDef[defName = "WoW_Forsaken_Sadist"]/weaponTags</xpath>
					<value>
							<li>WoW_Melee_ForsakenSadist</li>
					</value>
				</li>
				<li Class="PatchOperationAdd">
					<xpath>/Defs/PawnKindDef[defName = "WoW_Forsaken_Defiler"]/weaponTags</xpath>
					<value>
							<li>WoW_Melee_ForsakenT1</li>
					</value>
				</li>
				<li Class="PatchOperationAdd">
					<xpath>/Defs/PawnKindDef[defName = "WoW_Forsaken_Plaguebringer"]/weaponTags</xpath>
					<value>
							<li>WoW_Melee_ForsakenT2</li>
					</value>
				</li>
				<li Class="PatchOperationAdd">
					<xpath>/Defs/PawnKindDef[defName = "WoW_Forsaken_Deathstalker"]/weaponTags</xpath>
					<value>
							<li>WoW_Melee_ForsakenT2</li>
					</value>
				</li>
				<li Class="PatchOperationAdd">
					<xpath>/Defs/PawnKindDef[defName = "WoW_Forsaken_DarkrangerNE"]/weaponTags</xpath>
					<value>
							<li>WoW_Ranged_ForsakenT1</li>
					</value>
				</li>
				<li Class="PatchOperationAdd">
					<xpath>/Defs/PawnKindDef[defName = "WoW_Forsaken_DarkrangerHE"]/weaponTags</xpath>
					<value>
							<li>WoW_Ranged_ForsakenT1</li>
					</value>
				</li>
				<li Class="PatchOperationAdd">
					<xpath>/Defs/PawnKindDef[defName = "WoW_Forsaken_Dreadguard"]/weaponTags</xpath>
					<value>
							<li>WoW_Melee_ForsakenT3</li>
					</value>
				</li>
				<!-- ===== Forsaken Tag injection ===== -->
				
				<!-- ===== Orc Tag injection ===== -->
				<li Class="PatchOperationAdd">
					<xpath>/Defs/PawnKindDef[@Name="WoW_Orc_Civ_PawnkindBase"]/weaponTags</xpath>
					<value>
							<li>WoW_Ranged_HordeT1</li>
							<li>WoW_Melee_HordeT1</li>
					</value>
				</li>
				<li Class="PatchOperationAdd">
					<xpath>/Defs/PawnKindDef[defName = "WoW_Orc_Scout"]/weaponTags</xpath>
					<value>
							<li>WoW_Ranged_HordeT1</li>
							<li>WoW_Melee_HordeT1</li>
					</value>
				</li>
				<li Class="PatchOperationAdd">
					<xpath>/Defs/PawnKindDef[defName = "WoW_Orc_Legionnaire"]/weaponTags</xpath>
					<value>
							<li>WoW_Melee_HordeT1</li>
							<li>WoW_Melee_HordeT2</li>
					</value>
				</li>
				<li Class="PatchOperationAdd">
					<xpath>/Defs/PawnKindDef[defName = "WoW_Orc_Champion"]/weaponTags</xpath>
					<value>
							<li>WoW_Melee_HordeT2</li>
					</value>
				</li>
				<li Class="PatchOperationAdd">
					<xpath>/Defs/PawnKindDef[defName = "WoW_Orc_Bladesmaster"]/weaponTags</xpath>
					<value>
							<li>WoW_Melee_HordeT3</li>
					</value>
				</li>
				<li Class="PatchOperationAdd">
					<xpath>/Defs/PawnKindDef[defName = "WoW_Orc_HighWarlord"]/weaponTags</xpath>
					<value>
							<li>WoW_Melee_HordeT3</li>
					</value>
				</li>
				<!-- ===== Orc Tag injection ===== -->
				
				<!-- ===== Tauren Tag injection ===== -->
				<li Class="PatchOperationAdd">
					<xpath>/Defs/PawnKindDef[@Name="WoW_Tauren_Civ_PawnkindBase"]/weaponTags</xpath>
					<value>
							<li>WoW_Ranged_HordeT1</li>
							<li>WoW_Melee_HordeT1</li>
					</value>
				</li>
				<li Class="PatchOperationAdd">
					<xpath>/Defs/PawnKindDef[defName = "WoW_Tauren_Naturalist"]/weaponTags</xpath>
					<value>
							<li>WoW_Ranged_HordeT1</li>
							<li>WoW_Melee_HordeT1</li>
					</value>
				</li>
				<li Class="PatchOperationAdd">
					<xpath>/Defs/PawnKindDef[defName = "WoW_Tauren_Warrior"]/weaponTags</xpath>
					<value>
							<li>WoW_Melee_HordeT2</li>
					</value>
				</li>
				<li Class="PatchOperationAdd">
					<xpath>/Defs/PawnKindDef[defName = "WoW_Tauren_Elder"]/weaponTags</xpath>
					<value>
							<li>WoW_Melee_HordeT3</li>
					</value>
				</li>
				<!-- ===== Tauren Tag injection ===== -->
				
				<!-- ===== Troll Tag injection ===== -->
				<li Class="PatchOperationAdd">
					<xpath>/Defs/PawnKindDef[@Name="WoW_Troll_Civ_PawnkindBase"]/weaponTags</xpath>
					<value>
							<li>WoW_Ranged_HordeT1</li>
							<li>WoW_Melee_BloodElfT1</li>
					</value>
				</li>
				
				<li Class="PatchOperationAdd">
					<xpath>/Defs/PawnKindDef[defName = "WoW_Troll_ThroatSlicer"]/weaponTags</xpath>
					<value>
							<li>WoW_Melee_HordeT2</li>
					</value>
				</li>
				<li Class="PatchOperationAdd">
					<xpath>/Defs/PawnKindDef[defName = "WoW_Troll_HeadHunter"]/weaponTags</xpath>
					<value>
							<li>WoW_Ranged_HordeT2</li>
					</value>
				</li>
				<li Class="PatchOperationAdd">
					<xpath>/Defs/PawnKindDef[defName = "WoW_Troll_Berserker"]/weaponTags</xpath>
					<value>
							<li>WoW_Melee_HordeT2</li>
					</value>
				</li>
				<li Class="PatchOperationAdd">
					<xpath>/Defs/PawnKindDef[defName = "WoW_Troll_ShadowHunter"]/weaponTags</xpath>
					<value>
							<li>WoW_Melee_HordeT3</li>
					</value>
				</li>
				<!-- ===== Troll Tag injection ===== -->
				
			</operations>
		</match>
	</Operation>
</Patch>