<?xml version="1.0" encoding="utf-8" ?>
<Defs>

	<!--==================== Alliance ====================-->
	<!--========== T1 ==========-->

	<!--===== Truesilver Champion =====--> 

	<ThingDef ParentName="WoW_AllianceT1_BaseWeapon">
		<defName>WoWM_Alliance_BastardSword</defName>
		<label>stormwind bastard sword</label>
		<description>Stormwind bastard sword</description>
		<graphicData>
			<texPath>Things/Item/Weapons/Alliance/Melee/Truesilver Champion</texPath>
			<drawSize>0.75</drawSize>
		</graphicData>
		<comps>
			<li Class="CompOversizedWeapon.CompProperties_OversizedWeapon">
			   <!--===== X,(Z?),Y =====-->
				<southOffset>(-0.1,0,0.2)</southOffset>
				<northOffset>(-0.1,0,0.2)</northOffset>
				<eastOffset>(0.1,0,0.2)</eastOffset>
				<westOffset>(-0.1,0,0.2)</westOffset>
			</li>
		</comps>
		<weaponTags>
			<li>WoW_Melee_AllianceT1</li>
		</weaponTags>
		<tradeTags>
			<li>WoW_Melee_AllianceT1</li>
		</tradeTags>
		<statBases>
			<Mass>1.6</Mass>
			<MarketValue>250</MarketValue>
		</statBases>
		<equippedAngleOffset>-55</equippedAngleOffset>
		<tools>
			<li>
				<label>edge</label>
				<capacities>
					<li>Cut</li>
				</capacities>
				<power>19</power>
				<cooldownTime>2</cooldownTime>
				<armorPenetration>0.10</armorPenetration>
			</li>
		</tools>
		<costStuffCount>50</costStuffCount>
		<stuffCategories>
			<li>Metallic</li>
		</stuffCategories>
	</ThingDef>

	<!--========== T2 ==========-->
	<!--========== 7th Legion Halberd ==========-->

	<ThingDef ParentName="WoW_AllianceT2_BaseWeapon">
		<defName>WoWM_Alliance_Halberd</defName>
		<label>stormwind halberd</label>
		<description>Stormwind halberd</description>
		<graphicData>
			<texPath>Things/Item/Weapons/Alliance/Melee/7thLegionHalberd</texPath>
			<drawSize>1.2</drawSize>
		</graphicData>
		<comps>
			<li Class="CompOversizedWeapon.CompProperties_OversizedWeapon">
				<southOffset>(0.2,0.0,0.3)</southOffset>
				<northOffset>(0.2,0.0,0.3)</northOffset>
				<eastOffset>(0.1,0,0.2)</eastOffset>
				<westOffset>(-0.1,0,0.2)</westOffset>
			</li>
		</comps>
		<equippedStatOffsets>
			<MoveSpeed>-0.5</MoveSpeed>
		</equippedStatOffsets>
		<weaponTags>
			<li>WoW_Melee_AllianceT2</li>
		</weaponTags>
		<statBases>
			<Mass>2.5</Mass>
			<MarketValue>500</MarketValue>
			<MeleeHitChance>1.5</MeleeHitChance>
		</statBases>
		<equippedAngleOffset>-55</equippedAngleOffset>
		<tools>
			<li>
				<label>point</label>
				<capacities>
					<li>Stab</li>
				</capacities>
				<power>30</power>
				<cooldownTime>2.6</cooldownTime>
				<armorPenetration>0.20</armorPenetration>
			</li>
			<li>
				<label>blade</label>
				<capacities>
					<li>Cut</li>
				</capacities>
				<power>30</power>
				<cooldownTime>2.6</cooldownTime>
				<armorPenetration>0.20</armorPenetration>
			</li>
		</tools>
		<costStuffCount>50</costStuffCount>
		<stuffCategories>
			<li>Metallic</li>
		</stuffCategories>
		<costList>
			<WoodLog>25</WoodLog>
		</costList>
	</ThingDef>

	<!--========== 7th Legion longsword ==========-->

	<ThingDef ParentName="WoW_AllianceT2_BaseWeapon">
		<defName>WoWM_Alliance_LongSword</defName>
		<label>stormwind longsword</label>
		<description>Stormwind longsword</description>
		<graphicData>
			<texPath>Things/Item/Weapons/Alliance/Melee/7thLegionlongsword</texPath>
			<drawSize>.75</drawSize>
		</graphicData>
		<comps>
			<li Class="CompOversizedWeapon.CompProperties_OversizedWeapon">
			   <!--===== X,(Z?),Y =====-->
				<southOffset>(-0.1,0,0.2)</southOffset>
				<northOffset>(-0.1,0,0.2)</northOffset>
				<eastOffset>(0.1,0,0.2)</eastOffset>
				<westOffset>(-0.1,0,0.2)</westOffset>
			</li>
		</comps>
		<weaponTags>
			<li>WoW_Melee_AllianceT2</li>
		</weaponTags>
		<statBases>
			<Mass>1.6</Mass>
			<MarketValue>500</MarketValue>
		</statBases>
		<equippedAngleOffset>-55</equippedAngleOffset>
		<tools>
			<li>
				<label>point</label>
				<capacities>
					<li>Stab</li>
				</capacities>
				<power>27</power>
				<cooldownTime>2.4</cooldownTime>
				<armorPenetration>0.20</armorPenetration>
			</li>
			<li>
				<label>edge</label>
				<capacities>
					<li>Cut</li>
				</capacities>
				<power>27</power>
				<cooldownTime>2.4</cooldownTime>
				<armorPenetration>0.20</armorPenetration>
			</li>
		</tools>
		<costStuffCount>100</costStuffCount>
		<stuffCategories>
			<li>Metallic</li>
		</stuffCategories>
	</ThingDef>

	<!--========== 7th Legion Claymore ==========-->

	<ThingDef ParentName="WoW_AllianceT2_BaseWeapon">
		<defName>WoWM_Alliance_Greatsword</defName>
		<label>stormwind greatsword</label>
		<description>Stormwind greatsword</description>
		<graphicData>
			<texPath>Things/Item/Weapons/Alliance/Melee/7thLegionClaymore</texPath>
			<drawSize>.8</drawSize>
		</graphicData>
		<comps>
			<li Class="CompOversizedWeapon.CompProperties_OversizedWeapon">
				<southOffset>(0.2,0.0,0.3)</southOffset>
				<northOffset>(0.2,0.0,0.3)</northOffset>
				<eastOffset>(0.1,0,0.2)</eastOffset>
				<westOffset>(-0.1,0,0.2)</westOffset>
			</li>
		</comps>
		<weaponTags>
			<li>WoW_Melee_AllianceT2</li>
		</weaponTags>
		<statBases>
			<Mass>3.0</Mass>
			<MarketValue>500</MarketValue>
		</statBases>
		<equippedAngleOffset>-55</equippedAngleOffset>
		<tools>
			<li>
				<label>point</label>
				<capacities>
					<li>Stab</li>
				</capacities>
				<power>32</power>
				<cooldownTime>2.8</cooldownTime>
				<armorPenetration>0.20</armorPenetration>
			</li>
			<li>
				<label>edge</label>
				<capacities>
					<li>Cut</li>
				</capacities>
				<power>32</power>
				<cooldownTime>2.8</cooldownTime>
				<armorPenetration>0.20</armorPenetration>
			</li>
		</tools>
		<costStuffCount>125</costStuffCount>
		<stuffCategories>
			<li>Metallic</li>
		</stuffCategories>
	</ThingDef>

	<!--========== Stormwind Vanguard Polearm ==========-->

	<ThingDef ParentName="WoW_AllianceT2_BaseWeapon">
		<defName>WoWM_Alliance_Polearm</defName>
		<label>stormwind polearm</label>
		<description>Stormwind polearm</description>
		<graphicData>
			<texPath>Things/Item/Weapons/Alliance/Melee/Stormwind Vanguard Polearm</texPath>
			<drawSize>1.2</drawSize>
		</graphicData>
		<comps>
			<li Class="CompOversizedWeapon.CompProperties_OversizedWeapon">
				<southOffset>(0.2,0.0,0.3)</southOffset>
				<northOffset>(0.2,0.0,0.3)</northOffset>
				<eastOffset>(0.1,0,0.2)</eastOffset>
				<westOffset>(-0.1,0,0.2)</westOffset>
			</li>
		</comps>
		<equippedStatOffsets>
			<MoveSpeed>-0.5</MoveSpeed>
		</equippedStatOffsets>
		<weaponTags>
			<li>WoW_Melee_AllianceT2</li>
		</weaponTags>
		<statBases>
			<Mass>2.5</Mass>
			<MarketValue>500</MarketValue>
		</statBases>
		<equippedAngleOffset>-55</equippedAngleOffset>
		<tools>
			<li>
				<label>point</label>
				<capacities>
					<li>Stab</li>
				</capacities>
				<power>40</power>
				<cooldownTime>3.2</cooldownTime>
				<armorPenetration>0.20</armorPenetration>
			</li>
		</tools>
		<costStuffCount>100</costStuffCount>
		<stuffCategories>
			<li>Metallic</li>
		</stuffCategories>
		<costList>
			<WoodLog>25</WoodLog>
		</costList>
	</ThingDef>

	<!--========== T3 ==========-->
	<!--========== Grand Marshal´s Battle Hammer ==========-->

	<ThingDef ParentName="WoW_BaseMeleeWeapon_NotCrafted">
		<defName>WoWM_Alliance_BattleHammer</defName>
		<label>stormwind battle hammer</label>
		<description>Stormwind battle hammer</description>
		<graphicData>
			<texPath>Things/Item/Weapons/Alliance/Melee/Grand Marshal's Battle Hammer</texPath>
		</graphicData>
		<comps>
			<li Class="CompOversizedWeapon.CompProperties_OversizedWeapon">
				<southOffset>(0.2,0.0,0.3)</southOffset>
				<northOffset>(0.2,0.0,0.3)</northOffset>
				<eastOffset>(0.1,0,0.2)</eastOffset>
				<westOffset>(-0.1,0,0.2)</westOffset>
			</li>
		</comps>
		<equippedStatOffsets>
			<MoveSpeed>-1.0</MoveSpeed>
		</equippedStatOffsets>
		<weaponTags>
			<li>WoW_Melee_AllianceT3</li>
		</weaponTags>
		<statBases>
			<Mass>4.5</Mass>
			<MarketValue>1500</MarketValue>
		</statBases>
		<equippedAngleOffset>-55</equippedAngleOffset>
		<tools>
			<li>
				<label>edge</label>
				<capacities>
					<li>Blunt</li>
				</capacities>
				<power>50</power>
				<cooldownTime>4</cooldownTime>
				<armorPenetration>0.10</armorPenetration>
			</li>
		</tools>
		<stuffCategories>
			<li>Metallic</li>
		</stuffCategories>
	</ThingDef>

	<!--========== Grand Marshal Claymore ========== -->

	<ThingDef ParentName="WoW_BaseMeleeWeapon_NotCrafted">
		<defName>WoWM_Alliance_Claymore</defName>
		<label>stormwind claymore</label>
		<description>Stormwind Claymore</description>
		<graphicData>
			<texPath>Things/Item/Weapons/Alliance/Melee/Grand Marshal Claymore</texPath>
		</graphicData>
		<comps>
			<li Class="CompOversizedWeapon.CompProperties_OversizedWeapon">
				<southOffset>(0.2,0.0,0.3)</southOffset>
				<northOffset>(0.2,0.0,0.3)</northOffset>
				<eastOffset>(0.1,0,0.2)</eastOffset>
				<westOffset>(-0.1,0,0.2)</westOffset>
			</li>
		</comps>
		<equippedStatOffsets>
			<MoveSpeed>-1.0</MoveSpeed>
		</equippedStatOffsets>
		<weaponTags>
			<li>WoW_Melee_AllianceT3</li>
		</weaponTags>
		<statBases>
			<Mass>3.5</Mass>
			<MarketValue>1500</MarketValue>
		</statBases>
		<equippedAngleOffset>-55</equippedAngleOffset>
		<tools>
			<li>
				<label>point</label>
				<capacities>
					<li>Stab</li>
				</capacities>
				<power>45</power>
				<cooldownTime>3.6</cooldownTime>
				<armorPenetration>0.30</armorPenetration>
			</li>
			<li>
				<label>edge</label>
				<capacities>
					<li>Cut</li>
				</capacities>
				<power>45</power>
				<cooldownTime>3.6</cooldownTime>
				<armorPenetration>0.30</armorPenetration>
			</li>
		</tools>
		<stuffCategories>
			<li>Metallic</li>
		</stuffCategories>
	</ThingDef>
	
</Defs>