<?xml version="1.0" encoding="utf-8" ?>
<Defs>

	<!--========== Forsaken ==========-->

	<!--========== T1 ================-->
	<!--========== Meat Cleaver ==========-->

	<ThingDef ParentName="WoW_ForsakenT1_BaseWeapon">
		<defName>WoWM_Forsaken_Cleaver</defName>
		<label>forsaken cleaver</label>
		<description>Forsaken Cleaver</description>
		<graphicData>
			<texPath>Things/Item/Weapons/Forsaken/Melee/Meat Cleaver</texPath>
			<drawSize>.65</drawSize>
		</graphicData>
		<comps>
            <li Class="CompOversizedWeapon.CompProperties_OversizedWeapon">
				<!--===== X,(Z?),Y =====-->
				<southOffset>(-0.1,0,0.2)</southOffset>
				<northOffset>(-0.1,0,0.2)</northOffset>
				<eastOffset>(0.1,0,0.2)</eastOffset>
				<westOffset>(-0.1,0,0.2)</westOffset>
           </li>
        </comps>
		<weaponTags>
			<li>WoW_Melee_ForsakenSadist</li>
		</weaponTags>
		<statBases>
			<Mass>1.0</Mass>
			<MarketValue>250</MarketValue>
		</statBases>
		<equippedAngleOffset>-55</equippedAngleOffset>
		<tools>
			<li>
				<label>edge</label>
				<capacities>
					<li>Cut</li>
				</capacities>
				<power>18</power>
				<cooldownTime>2.0</cooldownTime>
				<armorPenetration>0.10</armorPenetration>
			</li>
		</tools>
		<costStuffCount>20</costStuffCount>
		<stuffCategories>
			<li>Metallic</li>
		</stuffCategories>
		<costList>
			<WoodLog>5</WoodLog>
		</costList>
	</ThingDef>

	<!--========== Plaguebringer's Dirk ==========-->

	<ThingDef ParentName="WoW_ForsakenT1_BaseWeapon">
		<defName>WoWM_Forsaken_Dirk</defName>
		<label>forsaken dirk</label>
		<description>Forsaken Dirk</description>
		<graphicData>
			<texPath>Things/Item/Weapons/Forsaken/Melee/Plaguebringer's Dirk</texPath>
			<drawSize>.65</drawSize>
		</graphicData>
		<comps>
            <li Class="CompOversizedWeapon.CompProperties_OversizedWeapon">
				<!--===== X,(Z?),Y =====-->
				<southOffset>(-0.1,0,0.2)</southOffset>
				<northOffset>(-0.1,0,0.2)</northOffset>
				<eastOffset>(0.1,0,0.2)</eastOffset>
				<westOffset>(-0.1,0,0.2)</westOffset>
           </li>
        </comps>
		<weaponTags>
			<li>WoW_Melee_ForsakenT1</li>
		</weaponTags>
		<statBases>
			<Mass>1.0</Mass>
			<MarketValue>250</MarketValue>
		</statBases>
		<equippedAngleOffset>-55</equippedAngleOffset>
		<tools>
			<li>
				<label>blade</label>
				<capacities>
					<li>Cut</li>
				</capacities>
				<power>11</power>
				<cooldownTime>1.5</cooldownTime>
				<armorPenetration>0.05</armorPenetration>
			</li>
			<li>
				<label>point</label>
				<capacities>
					<li>Stab</li>
				</capacities>
				<power>16</power>
				<cooldownTime>1.5</cooldownTime>
				<armorPenetration>0.05</armorPenetration>
			</li>
		</tools>
		<costStuffCount>25</costStuffCount>
		<stuffCategories>
			<li>Metallic</li>
		</stuffCategories>
	</ThingDef>

	<!--========== T2 ================-->
	<!--========== Deathguard's Blade ==========-->

	<ThingDef ParentName="WoW_ForsakenT2_BaseWeapon">
		<defName>WoWM_Forsaken_Blade</defName>
		<label>forsaken blade</label>
		<description>Forsaken blade</description>
		<graphicData>
			<texPath>Things/Item/Weapons/Forsaken/Melee/Deathguard's Blade</texPath>
			<drawSize>.7</drawSize>
		</graphicData>
		<comps>
            <li Class="CompOversizedWeapon.CompProperties_OversizedWeapon">
				<!--===== X,(Z?),Y =====-->
				<southOffset>(-0.1,0,0.2)</southOffset>
				<northOffset>(-0.1,0,0.2)</northOffset>
				<eastOffset>(0.1,0,0.2)</eastOffset>
				<westOffset>(-0.1,0,0.2)</westOffset>
           </li>
        </comps>
		<weaponTags>
			<li>WoW_Melee_ForsakenT2</li>
		</weaponTags>
		<statBases>
			<Mass>1.6</Mass>
			<MarketValue>500</MarketValue>
		</statBases>
		<equippedAngleOffset>-35</equippedAngleOffset>
		<tools>
			<li>
				<label>point</label>
				<capacities>
					<li>Stab</li>
				</capacities>
				<power>22</power>
				<cooldownTime>2.0</cooldownTime>
				<armorPenetration>0.25</armorPenetration>
			</li>
			<li>
				<label>edge</label>
				<capacities>
					<li>Cut</li>
				</capacities>
				<power>22</power>
				<cooldownTime>2.0</cooldownTime>
				<armorPenetration>0.25</armorPenetration>
			</li>
		</tools>
		<costStuffCount>50</costStuffCount>
		<stuffCategories>
			<li>Metallic</li>
		</stuffCategories>
	</ThingDef>

	<!--========== PlagueBringer's Halberd ==========-->

	<ThingDef ParentName="WoW_ForsakenT2_BaseWeapon">
		<defName>WoWM_Forsaken_Halberd</defName>
		<label>forsaken halberd</label>
		<description>Forsaken halberd</description>
		<graphicData>
			<texPath>Things/Item/Weapons/Forsaken/Melee/PlagueBringer's Halberd</texPath>
			<drawSize>1.2</drawSize>
		</graphicData>
		<comps>
			<li Class="CompOversizedWeapon.CompProperties_OversizedWeapon">
				<southOffset>(0.2,0.0,0.3)</southOffset>
				<northOffset>(0.2,0.0,0.3)</northOffset>
				<eastOffset>(0.1,0,0.2)</eastOffset>
				<westOffset>(-0.1,0,0.2)</westOffset>
			</li>
		</comps>
		<equippedStatOffsets>
			<MoveSpeed>-0.5</MoveSpeed>
		</equippedStatOffsets>
		<weaponTags>
			<li>WoW_Melee_ForsakenT2</li>
		</weaponTags>
		<statBases>
			<Mass>2.5</Mass>
			<MarketValue>500</MarketValue>
		</statBases>
		<equippedAngleOffset>-55</equippedAngleOffset>
		<tools>
			<li>
				<label>point</label>
				<capacities>
					<li>Stab</li>
				</capacities>
				<power>26</power>
				<cooldownTime>2.6</cooldownTime>
				<armorPenetration>0.25</armorPenetration>
			</li>
			<li>
				<label>blade</label>
				<capacities>
					<li>Cut</li>
				</capacities>
				<power>30</power>
				<cooldownTime>2.6</cooldownTime>
				<armorPenetration>0.25</armorPenetration>
			</li>
		</tools>
		<costStuffCount>50</costStuffCount>
		<stuffCategories>
			<li>Metallic</li>
		</stuffCategories>
		<costList>
			<WoodLog>25</WoodLog>
		</costList>
	</ThingDef>

	<!--========== Blightspreader's Crescent ==========-->

	<ThingDef ParentName="WoW_ForsakenT2_BaseWeapon">
		<defName>WoWM_Forsaken_CrescentBlade</defName>
		<label>forsaken crescent blade</label>
		<description>Forsaken crescent blade</description>
		<graphicData>
			<texPath>Things/Item/Weapons/Forsaken/Melee/BlightspreaderCrescent</texPath>
			<drawSize>.7</drawSize>
		</graphicData>
		<comps>
            <li Class="CompOversizedWeapon.CompProperties_OversizedWeapon">
				<!--===== X,(Z?),Y =====-->
				<southOffset>(-0.1,0,0.2)</southOffset>
				<northOffset>(-0.1,0,0.2)</northOffset>
				<eastOffset>(0.1,0,0.2)</eastOffset>
				<westOffset>(-0.1,0,0.2)</westOffset>
           </li>
        </comps>
		<weaponTags>
			<li>WoW_Melee_ForsakenT2</li>
		</weaponTags>
		<statBases>
			<Mass>1.6</Mass>
			<MarketValue>500</MarketValue>
		</statBases>
		<equippedAngleOffset>-45</equippedAngleOffset>
		<tools>
			<li>
				<label>edge</label>
				<capacities>
					<li>Cut</li>
				</capacities>
				<power>22</power>
				<cooldownTime>2</cooldownTime>
				<armorPenetration>0.35</armorPenetration>
			</li>
		</tools>
		<costStuffCount>75</costStuffCount>
		<stuffCategories>
			<li>Metallic</li>
		</stuffCategories>
	</ThingDef>

	<!--========== T3 ================-->
	<!--========== Deathguard Greatsword ==========-->

	<ThingDef ParentName="WoW_BaseMeleeWeapon_NotCrafted">
		<defName>WoWM_Forsaken_Greatsword</defName>
		<label>forsaken greatsword</label>
		<description>Forsaken greatsword</description>
		<graphicData>
			<texPath>Things/Item/Weapons/Forsaken/Melee/Deathguard Greatsword</texPath>
		</graphicData>
		<comps>
			<li Class="CompOversizedWeapon.CompProperties_OversizedWeapon">
				<southOffset>(0.2,0.0,0.3)</southOffset>
				<northOffset>(0.2,0.0,0.3)</northOffset>
				<eastOffset>(0.1,0,0.2)</eastOffset>
				<westOffset>(-0.1,0,0.2)</westOffset>
			</li>
		</comps>
		<equippedStatOffsets>
			<MoveSpeed>-1.0</MoveSpeed>
		</equippedStatOffsets>
		<weaponTags>
			<li>WoW_Melee_ForsakenT3</li>
		</weaponTags>
		<statBases>
			<Mass>3.0</Mass>
			<MarketValue>1500</MarketValue>
		</statBases>
		<equippedAngleOffset>-65</equippedAngleOffset>
		<tools>
			<li>
				<label>point</label>
				<capacities>
					<li>Stab</li>
				</capacities>
				<power>37</power>
				<cooldownTime>3.0</cooldownTime>
				<armorPenetration>0.50</armorPenetration>
			</li>
			<li>
				<label>edge</label>
				<capacities>
					<li>Cut</li>
				</capacities>
				<power>37</power>
				<cooldownTime>3.0</cooldownTime>
				<armorPenetration>0.50</armorPenetration>
			</li>
		</tools>
		<stuffCategories>
			<li>Metallic</li>
		</stuffCategories>
	</ThingDef>

</Defs>