<?xml version="1.0" encoding="utf-8" ?>
<Defs>

	<!--========== NightElf =====-->

	<!--========== T1 ================-->
	<!--========== Sentinel's Tomahawk ==========-->

	<ThingDef ParentName="WoW_NightElfT1_BaseWeapon">
		<defName>WoWM_NightElf_Tomahawk</defName>
		<label>kaldorei tomahawk</label>
		<description>Kaldorei tomahawk</description>
		<graphicData>
			<texPath>Things/Item/Weapons/NightElf/Melee/SentinelTomahawk</texPath>
			<drawSize>.8</drawSize>
		</graphicData>
		<comps>
			<li Class="CompOversizedWeapon.CompProperties_OversizedWeapon">
				<!--===== X,(Z?),Y =====-->
				<southOffset>(-0.1,0,0.2)</southOffset>
				<northOffset>(-0.1,0,0.2)</northOffset>
				<eastOffset>(0.1,0,0.2)</eastOffset>
				<westOffset>(-0.1,0,0.2)</westOffset>
			</li>
		</comps>
		<weaponTags>
			<li>WoW_Melee_NightElfT1</li>
		</weaponTags>
		<statBases>
			<Mass>1.6</Mass>
			<MarketValue>250</MarketValue>
		</statBases>
		<equippedAngleOffset>-45</equippedAngleOffset>
		<tools>
			<li>
				<label>edge</label>
				<capacities>
					<li>Cut</li>
				</capacities>
				<power>20</power>
				<cooldownTime>2</cooldownTime>
				<armorPenetration>0.10</armorPenetration>
			</li>
		</tools>
		<costStuffCount>50</costStuffCount>
		<stuffCategories>
			<li>Metallic</li>
		</stuffCategories>
	</ThingDef>

	<!--========== Sentinel's Moonglaive ==========-->

	<ThingDef ParentName="WoW_NightElfT1_BaseWeapon">
		<defName>WoWM_NightElf_Moonglaive</defName>
		<label>kaldorei moonglaive</label>
		<description>Kaldorei moonglaive</description>
		<graphicData>
			<texPath>Things/Item/Weapons/NightElf/Melee/SentinelMoonglaive</texPath>
			<drawSize>.7</drawSize>
		</graphicData>
		<comps>
			<li Class="CompOversizedWeapon.CompProperties_OversizedWeapon">
				<!--===== X,(Z?),Y =====-->
				<southOffset>(-0.1,0,0.2)</southOffset>
				<northOffset>(-0.1,0,0.2)</northOffset>
				<eastOffset>(0.1,0,0.2)</eastOffset>
				<westOffset>(-0.1,0,0.2)</westOffset>
			</li>
		</comps>
		<weaponTags>
			<li>WoW_Melee_NightElfT1</li>
		</weaponTags>
		<statBases>
			<Mass>1.0</Mass>
			<MarketValue>250</MarketValue>
		</statBases>
		<equippedAngleOffset>-25</equippedAngleOffset>
		<tools>
			<li>
				<label>edge</label>
				<capacities>
					<li>Cut</li>
				</capacities>
				<power>8</power>
				<cooldownTime>0.8</cooldownTime>
				<armorPenetration>0.10</armorPenetration>
			</li>
		</tools>
		<costStuffCount>50</costStuffCount>
		<stuffCategories>
			<li>Metallic</li>
		</stuffCategories>
	</ThingDef>

	<!--========== T2 ================-->
	<!--========== Mooncleaver ==========-->

	<ThingDef ParentName="WoW_NightElfT2_BaseWeapon">
		<defName>WoWM_NightElf_Mooncleaver</defName>
		<label>kaldorei mooncleaver</label>
		<description>Kaldorei mooncleaver</description>
		<graphicData>
			<texPath>Things/Item/Weapons/NightElf/Melee/Mooncleaver</texPath>
		</graphicData>
		<comps>
			<li Class="CompOversizedWeapon.CompProperties_OversizedWeapon">
				<southOffset>(0.2,0.0,0.3)</southOffset>
				<northOffset>(0.2,0.0,0.3)</northOffset>
				<eastOffset>(0.1,0,0.2)</eastOffset>
				<westOffset>(-0.1,0,0.2)</westOffset>
			</li>
		</comps>
		<equippedStatOffsets>
			<MoveSpeed>-0.5</MoveSpeed>
		</equippedStatOffsets>
		<weaponTags>
			<li>WoW_Melee_NightElfT2</li>
		</weaponTags>
		<statBases>
			<Mass>2.5</Mass>
			<MarketValue>500</MarketValue>
		</statBases>
		<equippedAngleOffset>-65</equippedAngleOffset>
		<tools>
			<li>
				<label>edge</label>
				<capacities>
					<li>Cut</li>
				</capacities>
				<power>28</power>
				<cooldownTime>2.6</cooldownTime>
				<armorPenetration>0.25</armorPenetration>
			</li>
		</tools>
		<costStuffCount>50</costStuffCount>
		<stuffCategories>
			<li>Metallic</li>
		</stuffCategories>
	</ThingDef>

	<!--========== Sentinel's Halberd ==========-->

	<ThingDef ParentName="WoW_NightElfT2_BaseWeapon">
		<defName>WoWM_NightElf_Halberd</defName>
		<label>kaldorei halberd</label>
		<description>Kaldorei halberd</description>
		<graphicData>
			<texPath>Things/Item/Weapons/NightElf/Melee/SentinelHalberd</texPath>
			<drawSize>1.2</drawSize>
		</graphicData>
		<comps>
			<li Class="CompOversizedWeapon.CompProperties_OversizedWeapon">
				<southOffset>(0.2,0.0,0.3)</southOffset>
				<northOffset>(0.2,0.0,0.3)</northOffset>
				<eastOffset>(0.1,0,0.2)</eastOffset>
				<westOffset>(-0.1,0,0.2)</westOffset>
			</li>
		</comps>
		<equippedStatOffsets>
			<MoveSpeed>-0.5</MoveSpeed>
		</equippedStatOffsets>
		<weaponTags>
			<li>WoW_Melee_NightElfT2</li>
		</weaponTags>
		<statBases>
			<Mass>2.5</Mass>
			<MarketValue>500</MarketValue>
		</statBases>
		<equippedAngleOffset>-65</equippedAngleOffset>
		<tools>
			<li>
				<label>point</label>
				<capacities>
					<li>Stab</li>
				</capacities>
				<power>26</power>
				<cooldownTime>2.6</cooldownTime>
				<armorPenetration>0.25</armorPenetration>
			</li>
			<li>
				<label>edge</label>
				<capacities>
					<li>Cut</li>
				</capacities>
				<power>26</power>
				<cooldownTime>2</cooldownTime>
				<armorPenetration>0.25</armorPenetration>
			</li>
		</tools>
		<costStuffCount>50</costStuffCount>
		<stuffCategories>
			<li>Metallic</li>
		</stuffCategories>
		<costList>
		<WoodLog>25</WoodLog>
	</costList>
	</ThingDef>
	
</Defs>