<?xml version="1.0" encoding="utf-8" ?>
<Defs>

	<ThingDef Name="WoW_BaseMeleeWeapon" ParentName="BaseWeapon" Abstract="True">
		<techLevel>Medieval</techLevel>
		<smeltable>true</smeltable>
		<burnableByRecipe>true</burnableByRecipe>
		<thingCategories>
			<li>WeaponsMelee</li>
		</thingCategories>
		<graphicData>
			<graphicClass>Graphic_Single</graphicClass>
			<shaderType>CutoutComplex</shaderType>
		</graphicData>
		<recipeMaker>
			<workSpeedStat>GeneralLaborSpeed</workSpeedStat>
			<workSkill>Crafting</workSkill>
			<effectWorking>Smith</effectWorking>
			<soundWorking>Recipe_Smith</soundWorking>
			<recipeUsers>
				<li>ElectricSmithy</li>
				<li>FueledSmithy</li>
			</recipeUsers>
			<unfinishedThingDef>UnfinishedWeapon</unfinishedThingDef>
		</recipeMaker>
		<inspectorTabs>
			<li>ITab_Art</li>
		</inspectorTabs>
		<comps>
			<li>
				<compClass>CompQuality</compClass>
			</li>
			<li Class="CompProperties_Art">
				<nameMaker>NamerArtWeaponMelee</nameMaker>
				<descriptionMaker>ArtDescription_WeaponMelee</descriptionMaker>
				<minQualityForArtistic>Excellent</minQualityForArtistic>
			</li>
		</comps>
	</ThingDef>
	
	<ThingDef Name="WoW_BaseMeleeWeapon_NotCrafted" ParentName="BaseWeapon" Abstract="True">
		<techLevel>Medieval</techLevel>
		<smeltable>true</smeltable>
		<burnableByRecipe>true</burnableByRecipe>
		<thingCategories>
			<li>WeaponsMelee</li>
		</thingCategories>
		<graphicData>
			<graphicClass>Graphic_Single</graphicClass>
			<shaderType>CutoutComplex</shaderType>
		</graphicData>
		<inspectorTabs>
			<li>ITab_Art</li>
		</inspectorTabs>
		<comps>
			<li>
				<compClass>CompQuality</compClass>
			</li>
			<li Class="CompProperties_Art">
				<nameMaker>NamerArtWeaponMelee</nameMaker>
				<descriptionMaker>ArtDescription_WeaponMelee</descriptionMaker>
				<minQualityForArtistic>Excellent</minQualityForArtistic>
			</li>
		</comps>
	</ThingDef>
	
	<!--==================== Alliance ====================-->
	<!--========== Alliance ==========-->
	
	<ThingDef Name="WoW_AllianceT1_BaseWeapon" ParentName="WoW_BaseMeleeWeapon" Abstract="True">
   <recipeMaker>
      <researchPrerequisite>WoW_Alliance_Weaponry_T1</researchPrerequisite>
      <skillRequirements>
        <Crafting>8</Crafting>
      </skillRequirements>
    </recipeMaker>
	</ThingDef>
	
	<ThingDef Name="WoW_AllianceT2_BaseWeapon" ParentName="WoW_BaseMeleeWeapon" Abstract="True">
   <recipeMaker>
      <researchPrerequisite>WoW_Alliance_Weaponry_T2</researchPrerequisite>
      <skillRequirements>
        <Crafting>12</Crafting>
      </skillRequirements>
    </recipeMaker>
	</ThingDef>
	
	<!--========== NightElf ==========-->
	
	<ThingDef Name="WoW_NightElfT1_BaseWeapon" ParentName="WoW_BaseMeleeWeapon" Abstract="True">
   <recipeMaker>
      <researchPrerequisite>WoW_NightElf_Weaponry_T1</researchPrerequisite>
      <skillRequirements>
        <Crafting>8</Crafting>
      </skillRequirements>
    </recipeMaker>
	</ThingDef>
	
	<ThingDef Name="WoW_NightElfT2_BaseWeapon" ParentName="WoW_BaseMeleeWeapon" Abstract="True">
   <recipeMaker>
      <researchPrerequisite>WoW_NightElf_Weaponry_T2</researchPrerequisite>
      <skillRequirements>
        <Crafting>12</Crafting>
      </skillRequirements>
    </recipeMaker>
	</ThingDef>
	
	<!--========== HighElf ==========-->
	
	<ThingDef Name="WoW_HighElfT1_BaseWeapon" ParentName="WoW_BaseMeleeWeapon" Abstract="True">
   <recipeMaker>
      <researchPrerequisite>WoW_HighElf_Weaponry_T1</researchPrerequisite>
      <skillRequirements>
        <Crafting>8</Crafting>
      </skillRequirements>
    </recipeMaker>
	</ThingDef>
	
	<ThingDef Name="WoW_HighElfT2_BaseWeapon" ParentName="WoW_BaseMeleeWeapon" Abstract="True">
   <recipeMaker>
      <researchPrerequisite>WoW_HighElf_Weaponry_T2</researchPrerequisite>
      <skillRequirements>
        <Crafting>12</Crafting>
      </skillRequirements>
    </recipeMaker>
	</ThingDef>
	
	<!--========== Draenei ==========-->
	
	<ThingDef Name="WoW_DraeneiT1_BaseWeapon" ParentName="WoW_BaseMeleeWeapon" Abstract="True">
   <recipeMaker>
      <researchPrerequisite>WoW_Draenei_Weaponry_T1</researchPrerequisite>
      <skillRequirements>
        <Crafting>8</Crafting>
      </skillRequirements>
    </recipeMaker>
	</ThingDef>
	
	<ThingDef Name="WoW_DraeneiT2_BaseWeapon" ParentName="WoW_BaseMeleeWeapon" Abstract="True">
   <recipeMaker>
      <researchPrerequisite>WoW_Draenei_Weaponry_T2</researchPrerequisite>
      <skillRequirements>
        <Crafting>12</Crafting>
      </skillRequirements>
    </recipeMaker>
	</ThingDef>
	

	<!--==================== Horde ====================-->
	<!--========== Horde ========== -->
	
	<ThingDef Name="WoW_HordeT1_BaseWeapon" ParentName="WoW_BaseMeleeWeapon" Abstract="True">
   <recipeMaker>
      <researchPrerequisite>WoW_Horde_Weaponry_T1</researchPrerequisite>
      <skillRequirements>
        <Crafting>8</Crafting>
      </skillRequirements>
    </recipeMaker>
	</ThingDef>
	
	<ThingDef Name="WoW_HordeT2_BaseWeapon" ParentName="WoW_BaseMeleeWeapon" Abstract="True">
   <recipeMaker>
      <researchPrerequisite>WoW_Horde_Weaponry_T2</researchPrerequisite>
      <skillRequirements>
        <Crafting>12</Crafting>
      </skillRequirements>
    </recipeMaker>
	</ThingDef>
	
	<!--========== BloodElf ==========-->
	
	<ThingDef Name="WoW_BloodElfT1_BaseWeapon" ParentName="WoW_BaseMeleeWeapon" Abstract="True">
   <recipeMaker>
      <researchPrerequisite>WoW_BloodElf_Weaponry_T1</researchPrerequisite>
      <skillRequirements>
        <Crafting>8</Crafting>
      </skillRequirements>
    </recipeMaker>
	</ThingDef>
	
	<ThingDef Name="WoW_BloodElfT2_BaseWeapon" ParentName="WoW_BaseMeleeWeapon" Abstract="True">
   <recipeMaker>
      <researchPrerequisite>WoW_BloodElf_Weaponry_T2</researchPrerequisite>
      <skillRequirements>
        <Crafting>12</Crafting>
      </skillRequirements>
    </recipeMaker>
	</ThingDef>
	
	<!--========== Forsaken ==========-->
	
	<ThingDef Name="WoW_ForsakenT1_BaseWeapon" ParentName="WoW_BaseMeleeWeapon" Abstract="True">
   <recipeMaker>
      <researchPrerequisite>WoW_Forsaken_Weaponry_T1</researchPrerequisite>
      <skillRequirements>
        <Crafting>8</Crafting>
      </skillRequirements>
    </recipeMaker>
	</ThingDef>
	
	<ThingDef Name="WoW_ForsakenT2_BaseWeapon" ParentName="WoW_BaseMeleeWeapon" Abstract="True">
   <recipeMaker>
      <researchPrerequisite>WoW_Forsaken_Weaponry_T2</researchPrerequisite>
      <skillRequirements>
        <Crafting>12</Crafting>
      </skillRequirements>
    </recipeMaker>
	</ThingDef>
	
</Defs>