﻿<?xml version="1.0" encoding="utf-8"?>

<ModMetaData>
	<name>[Ry]Rimcraft Weaponry</name>
	<author>Ryflamer</author>
	<supportedVersions>
		<li>1.1</li>
		<li>1.2</li>
		<li>1.3</li>
	</supportedVersions>
	<packageId>Ryflamer.Rimcraft.Weaponry</packageId>
	<url>https://discord.gg/9BJmqvX</url>
	<description>

Feature Overview
  -  Custom weapons for each Rimcraft faction, all of which are capable of being crafted from any material.

For more information or if you're interested in helping with the project, feel free to check out our discord if you have a personal question for me about the mod, or post pictures related to the mod. https://discord.gg/3Dp7Zug

World of Warcraft inspired content are property of Blizzard Entertainment. Go check out their awesome MMO !

Credits to:
- Ryflamer - Code and weapon textures. 
- The alien framework and rimworld mod dev discord which helped a great deal in the creation of this mod.
	</description>
	<modDependencies>
	   <li>
         <packageId>UnlimitedHugs.Hugslib</packageId>
         <displayName>HugsLib</displayName>
         <steamWorkshopUrl>https://steamcommunity.com/sharedfiles/filedetails/?id=818773962</steamWorkshopUrl>
     </li>
	</modDependencies>
	<loadBefore>
	</loadBefore>
	<loadAfter>
		<!-- Core -->
		<!-- This is where you put overhaul 'core'. Including CE-->
		<li>me.samboycoding.betterloading</li>
		<li>Ludeon.RimWorld</li>
		<li>Ludeon.RimWorld.Royalty</li>
		<li>UnlimitedHugs.Hugslib</li>
		<li>erdelf.HumanoidAlienRaces</li>
		<li>ssulunge.BBBodySupport</li>
	</loadAfter>
	<incompatibleWith />
</ModMetaData>